mhw,price
3100,14000
3101,14000
3102,14000
3103,14000
3104,14000
3105,14000
3106,14000
3107,14000
3108,14000
3109,14000
3110,14000
3111,14000
3112,14000
3113,14000
3114,14000
3115,14000
3116,14000
3117,14000
3118,14000
3119,14000
3120,14000
3121,14000
3122,14000
3123,14000
3124,14000
3125,14000
3126,14000
3127,14000
3128,14000
3129,14000
3130,14000
3131,14000
3132,14000
3133,14000
3134,14000
3135,14000
3136,14000
3137,14000
3138,14000
3139,14000
3140,14000
3141,14000
3142,14000
3143,14000
3144,14000
3145,14000
3146,14000
3147,14000
3148,14000
3149,14000
3150,14000
3151,14000
3152,14000
3153,14000
3154,14000
3155,14000
3156,14000
3157,14000
3158,14000
3159,14000
3160,14000
3161,14000
3162,14000
3163,14000
3164,14000
3165,14000
3166,14000
3167,14000
3168,14000
3169,14000
3170,14000
3171,14000
3172,14000
3173,14000
3174,14000
3175,14000
3176,14000
3177,14000
3178,14000
3179,14000
3180,14000
3181,14000
3182,14000
3183,14000
3184,14000
3185,14000
3186,14000
3187,14000
3188,14000
3189,14000
3190,14000
3191,14000
3192,14000
3193,14000
3194,14000
3195,14000
3196,14000
3197,14000
3198,14000
3199,14000
3200,14000
3201,14000
3202,14000
3203,14000
3204,14000
3205,14000
3206,14000
3207,14000
3208,14000
3209,14000
3210,14000
3211,14000
3212,14000
3213,14000
3214,14000
3215,14000
3216,14000
3217,14000
3218,14000
3219,14000
3220,14000
3221,14000
3222,14000
3223,14000
3224,14000
3225,14000
3226,14000
3227,14000
3228,14000
3229,14000
3230,14000
3231,14000
3232,14000
3233,14000
3234,14000
3235,14000
3236,14000
3237,14000
3238,14000
3239,14000
3240,14000
3241,14000
3242,14000
3243,14000
3244,14000
3245,14000
3246,14000
3247,14000
3248,14000
3249,14000
3250,14000
3251,14000
3252,14000
3253,14000
3254,14000
3255,14000
3256,14000
3257,14000
3258,14000
3259,14000
3260,14000
3261,14000
3262,14000
3263,14000
3264,14000
3265,14000
3266,14000
3267,14000
3268,14000
3269,14000
3270,14000
3271,14000
3272,14000
3273,14000
3274,14000
3275,14000
3276,14000
3277,14000
3278,14000
3279,14000
3280,14000
3281,14000
3282,14000
3283,14000
3284,14000
3285,14000
3286,14000
3287,14000
3288,14000
3289,14000
3290,14000
3291,14000
3292,14000
3293,14000
3294,14000
3295,14000
3296,14000
3297,14000
3298,14000
3299,14000
3300,14000
3301,14000
3302,14000
3303,14000
3304,14000
3305,14000
3306,14000
3307,14000
3308,14000
3309,14000
3310,14000
3311,14000
3312,14000
3313,14000
3314,14000
3315,14000
3316,14000
3317,14000
3318,14000
3319,14000
3320,14000
3321,14000
3322,14000
3323,14000
3324,14000
3325,14000
3326,14000
3327,14000
3328,14000
3329,14000
3330,14000
3331,14000
3332,14000
3333,14000
3334,14000
3335,14000
3336,14000
3337,14000
3338,14000
3339,14000
3340,14000
3341,14000
3342,14000
3343,14000
3344,14000
3345,14000
3346,14000
3347,14000
3348,14000
3349,14000
3350,14000
3351,14000
3352,14000
3353,14000
3354,14000
3355,14000
3356,14000
3357,14000
3358,14000
3359,14000
3360,14000
3361,14000
3362,14000
3363,14000
3364,14000
3365,14000
3366,14000
3367,14000
3368,14000
3369,14000
3370,14000
3371,14000
3372,14000
3373,14000
3374,14000
3375,14000
3376,14000
3377,14000
3378,14000
3379,14000
3380,14000
3381,14000
3382,14000
3383,14000
3384,14000
3385,14000
3386,14000
3387,14000
3388,14000
3389,14000
3390,14000
3391,14000
3392,14000
3393,14000
3394,14000
3395,14000
3396,14000
3397,14000
3398,14000
3399,14000
3400,14000
3401,14000
3402,14000
3403,14000
3404,14000
3405,14000
3406,14000
3407,14000
3408,14000
3409,14000
3410,14000
3411,14000
3412,14000
3413,14000
3414,14000
3415,14000
3416,14000
3417,14000
3418,14000
3419,14000
3420,14000
3421,14000
3422,14000
3423,14000
3424,14000
3425,14000
3426,14000
3427,14000
3428,14000
3429,14000
3430,14000
3431,14000
3432,14000
3433,14000
3434,14000
3435,14000
3436,14000
3437,14000
3438,14000
3439,14000
3440,14000
3441,14000
3442,14000
3443,14000
3444,14000
3445,14000
3446,14000
3447,14000
3448,14000
3449,14000
3450,14000
3451,14000
3452,14000
3453,14000
3454,14000
3455,14000
3456,14000
3457,14000
3458,14000
3459,14000
3460,14000
3461,14000
3462,14000
3463,14000
3464,14000
3465,14000
3466,14000
3467,14000
3468,14000
3469,14000
3470,14000
3471,14000
3472,14000
3473,14000
3474,14000
3475,14000
3476,14000
3477,14000
3478,14000
3479,14000
3480,14000
3481,14000
3482,14000
3483,14000
3484,14000
3485,14000
3486,14000
3487,14000
3488,14000
3489,14000
3490,14000
3491,14000
3492,14000
3493,14000
3494,14000
3495,14000
3496,14000
3497,14000
3498,14000
3499,14000
3500,14000
3501,14000
3502,14000
3503,14000
3504,14000
3505,14000
3506,14000
3507,14000
3508,14000
3509,14000
3510,14000
3511,14000
3512,14000
3513,14000
3514,14000
3515,14000
3516,14000
3517,14000
3518,14000
3519,14000
3520,14000
3521,14000
3522,14000
3523,14000
3524,14000
3525,14000
3526,14000
3527,14000
3528,14000
3529,14000
3530,14000
3531,14000
3532,14000
3533,14000
3534,14000
3535,14000
3536,14000
3537,14000
3538,14000
3539,14000
3540,14000
3541,14000
3542,14000
3543,14000
3544,14000
3545,14000
3546,14000
3547,14000
3548,14000
3549,14000
3550,14000
3551,14000
3552,14000
3553,14000
3554,14000
3555,14000
3556,14000
3557,14000
3558,14000
3559,14000
3560,14000
3561,14000
3562,14000
3563,14000
3564,14000
3565,14000
3566,14000
3567,14000
3568,14000
3569,14000
3570,14000
3571,14000
3572,14000
3573,14000
3574,14000
3575,14000
3576,14000
3577,14000
3578,14000
3579,14000
3580,14000
3581,14000
3582,14000
3583,14000
3584,14000
3585,14000
3586,14000
3587,14000
3588,14000
3589,14000
3590,14000
3591,14000
3592,14000
3593,14000
3594,14000
3595,14000
3596,14000
3597,14000
3598,14000
3599,14000
3600,14000
3601,14000
3602,14000
3603,14000
3604,14000
3605,14000
3606,14000
3607,14000
3608,14000
3609,14000
3610,14000
3611,14000
3612,14000
3613,14000
3614,14000
3615,14000
3616,14000
3617,14000
3618,14000
3619,14000
3620,14000
3621,14000
3622,14000
3623,14000
3624,14000
3625,14000
3626,14000
3627,14000
3628,14000
3629,14000
3630,14000
3631,14000
3632,14000
3633,14000
3634,14000
3635,14000
3636,14000
3637,14000
3638,14000
3639,14000
3640,14000
3641,14000
3642,14000
3643,14000
3644,14000
3645,14000
3646,14000
3647,14000
3648,14000
3649,14000
3650,14000
3651,14000
3652,14000
3653,14000
3654,14000
3655,14000
3656,14000
3657,14000
3658,14000
3659,14000
3660,14000
3661,14000
3662,14000
3663,14000
3664,14000
3665,14000
3666,14000
3667,14000
3668,14000
3669,14000
3670,14000
3671,14000
3672,14000
3673,14000
3674,14000
3675,14000
3676,14000
3677,14000
3678,14000
3679,14000
3680,14000
3681,14000
3682,14000
3683,14000
3684,14000
3685,14000
3686,14000
3687,14000
3688,14000
3689,14000
3690,14000
3691,14000
3692,14000
3693,14000
3694,14000
3695,14000
3696,14000
3697,14000
3698,14000
3699,14000
3700,14000
3701,14000
3702,14000
3703,14000
3704,14000
3705,14000
3706,14000
3707,14000
3708,14000
3709,14000
3710,14000
3711,14000
3712,14000
3713,14000
3714,14000
3715,14000
3716,14000
3717,14000
3718,14000
3719,14000
3720,14000
3721,14000
3722,14000
3723,14000
3724,14000
3725,14000
3726,14000
3727,14000
3728,14000
3729,14000
3730,14000
3731,14000
3732,14000
3733,14000
3734,14000
3735,14000
3736,14000
3737,14000
3738,14000
3739,14000
3740,14000
3741,14000
3742,14000
3743,14000
3744,14000
3745,14000
3746,14000
3747,14000
3748,14000
3749,14000
3750,14000
3751,14000
3752,14000
3753,14000
3754,14000
3755,14000
3756,14000
3757,14000
3758,14000
3759,14000
3760,14000
3761,14000
3762,14000
3763,14000
3764,14000
3765,14000
3766,14000
3767,14000
3768,14000
3769,14000
3770,14000
3771,14000
3772,14000
3773,14000
3774,14000
3775,14000
3776,14000
3777,14000
3778,14000
3779,14000
3780,14000
3781,14000
3782,14000
3783,14000
3784,14000
3785,14000
3786,14000
3787,14000
3788,14000
3789,14000
3790,14000
3791,14000
3792,14000
3793,14000
3794,14000
3795,14000
3796,14000
3797,14000
3798,14000
3799,14000
3800,14000
3801,14000
3802,14000
3803,14000
3804,14000
3805,14000
3806,14000
3807,14000
3808,14000
3809,14000
3810,14000
3811,14000
3812,14000
3813,14000
3814,14000
3815,14000
3816,14000
3817,14000
3818,14000
3819,14000
3820,14000
3821,14000
3822,14000
3823,14000
3824,14000
3825,14000
3826,14000
3827,14000
3828,14000
3829,14000
3830,14000
3831,14000
3832,14000
3833,14000
3834,14000
3835,14000
3836,14000
3837,14000
3838,14000
3839,14000
3840,14000
3841,14000
3842,14000
3843,14000
3844,14000
3845,14000
3846,14000
3847,14000
3848,14000
3849,14000
3850,14000
3851,14000
3852,14000
3853,14000
3854,14000
3855,14000
3856,14000
3857,14000
3858,14000
3859,14000
3860,14000
3861,14000
3862,14000
3863,14000
3864,14000
3865,14000
3866,14000
3867,14000
3868,14000
3869,14000
3870,14000
3871,14000
3872,14000
3873,14000
3874,14000
3875,14000
3876,14000
3877,14000
3878,14000
3879,14000
3880,14000
3881,14000
3882,14000
3883,14000
3884,14000
3885,14000
3886,14000
3887,14000
3888,14000
3889,14000
3890,14000
3891,14000
3892,14000
3893,14000
3894,14000
3895,14000
3896,14000
3897,14000
3898,14000
3899,14000
3900,14000
3901,14000
3902,14000
3903,14000
3904,14000
3905,14000
3906,14000
3907,14000
3908,14000
3909,14000
3910,14000
3911,14000
3912,14000
3913,14000
3914,14000
3915,14000
3916,14000
3917,14000
3918,14000
3919,14000
3920,14000
3921,14000
3922,14000
3923,14000
3924,14000
3925,14000
3926,14000
3927,14000
3928,14000
3929,14000
3930,14000
3931,14000
3932,14000
3933,14000
3934,14000
3935,14000
3936,14000
3937,14000
3938,14000
3939,14000
3940,14000
3941,14000
3942,14000
3943,14000
3944,14000
3945,14000
3946,14000
3947,14000
3948,14000
3949,14000
3950,14000
3951,14000
3952,14000
3953,14000
3954,14000
3955,14000
3956,14000
3957,14000
3958,14000
3959,14000
3960,14000
3961,14000
3962,14000
3963,14000
3964,14000
3965,14000
3966,14000
3967,14000
3968,14000
3969,14000
3970,14000
3971,14000
3972,14000
3973,14000
3974,14000
3975,14000
3976,14000
3977,14000
3978,14000
3979,14000
3980,14000
3981,14000
3982,14000
3983,14000
3984,14000
3985,14000
3986,14000
3987,14000
3988,14000
3989,14000
3990,14000
3991,14000
3992,14000
3993,14000
3994,14000
3995,14000
3996,14000
3997,14000
3998,14000
3999,14000
4000,16000
4001,16000
4002,16000
4003,16000
4004,16000
4005,16000
4006,16000
4007,16000
4008,16000
4009,16000
4010,16000
4011,16000
4012,16000
4013,16000
4014,16000
4015,16000
4016,16000
4017,16000
4018,16000
4019,16000
4020,16000
4021,16000
4022,16000
4023,16000
4024,16000
4025,16000
4026,16000
4027,16000
4028,16000
4029,16000
4030,16000
4031,16000
4032,16000
4033,16000
4034,16000
4035,16000
4036,16000
4037,16000
4038,16000
4039,16000
4040,16000
4041,16000
4042,16000
4043,16000
4044,16000
4045,16000
4046,16000
4047,16000
4048,16000
4049,16000
4050,16000
4051,16000
4052,16000
4053,16000
4054,16000
4055,16000
4056,16000
4057,16000
4058,16000
4059,16000
4060,16000
4061,16000
4062,16000
4063,16000
4064,16000
4065,16000
4066,16000
4067,16000
4068,16000
4069,16000
4070,16000
4071,16000
4072,16000
4073,16000
4074,16000
4075,16000
4076,16000
4077,16000
4078,16000
4079,16000
4080,16000
4081,16000
4082,16000
4083,16000
4084,16000
4085,16000
4086,16000
4087,16000
4088,16000
4089,16000
4090,16000
4091,16000
4092,16000
4093,16000
4094,16000
4095,16000
4096,16000
4097,16000
4098,16000
4099,16000
4100,16000
4101,16000
4102,16000
4103,16000
4104,16000
4105,16000
4106,16000
4107,16000
4108,16000
4109,16000
4110,16000
4111,16000
4112,16000
4113,16000
4114,16000
4115,16000
4116,16000
4117,16000
4118,16000
4119,16000
4120,16000
4121,16000
4122,16000
4123,16000
4124,16000
4125,16000
4126,16000
4127,16000
4128,16000
4129,16000
4130,16000
4131,16000
4132,16000
4133,16000
4134,16000
4135,16000
4136,16000
4137,16000
4138,16000
4139,16000
4140,16000
4141,16000
4142,16000
4143,16000
4144,16000
4145,16000
4146,16000
4147,16000
4148,16000
4149,16000
4150,16000
4151,16000
4152,16000
4153,16000
4154,16000
4155,16000
4156,16000
4157,16000
4158,16000
4159,16000
4160,16000
4161,16000
4162,16000
4163,16000
4164,16000
4165,16000
4166,16000
4167,16000
4168,16000
4169,16000
4170,16000
4171,16000
4172,16000
4173,16000
4174,16000
4175,16000
4176,16000
4177,16000
4178,16000
4179,16000
4180,16000
4181,16000
4182,16000
4183,16000
4184,16000
4185,16000
4186,16000
4187,16000
4188,16000
4189,16000
4190,16000
4191,16000
4192,16000
4193,16000
4194,16000
4195,16000
4196,16000
4197,16000
4198,16000
4199,16000
4200,16000
4201,16000
4202,16000
4203,16000
4204,16000
4205,16000
4206,16000
4207,16000
4208,16000
4209,16000
4210,16000
4211,16000
4212,16000
4213,16000
4214,16000
4215,16000
4216,16000
4217,16000
4218,16000
4219,16000
4220,16000
4221,16000
4222,16000
4223,16000
4224,16000
4225,16000
4226,16000
4227,16000
4228,16000
4229,16000
4230,16000
4231,16000
4232,16000
4233,16000
4234,16000
4235,16000
4236,16000
4237,16000
4238,16000
4239,16000
4240,16000
4241,16000
4242,16000
4243,16000
4244,16000
4245,16000
4246,16000
4247,16000
4248,16000
4249,16000
4250,16000
4251,16000
4252,16000
4253,16000
4254,16000
4255,16000
4256,16000
4257,16000
4258,16000
4259,16000
4260,16000
4261,16000
4262,16000
4263,16000
4264,16000
4265,16000
4266,16000
4267,16000
4268,16000
4269,16000
4270,16000
4271,16000
4272,16000
4273,16000
4274,16000
4275,16000
4276,16000
4277,16000
4278,16000
4279,16000
4280,16000
4281,16000
4282,16000
4283,16000
4284,16000
4285,16000
4286,16000
4287,16000
4288,16000
4289,16000
4290,16000
4291,16000
4292,16000
4293,16000
4294,16000
4295,16000
4296,16000
4297,16000
4298,16000
4299,16000
4300,16000
4301,16000
4302,16000
4303,16000
4304,16000
4305,16000
4306,16000
4307,16000
4308,16000
4309,16000
4310,16000
4311,16000
4312,16000
4313,16000
4314,16000
4315,16000
4316,16000
4317,16000
4318,16000
4319,16000
4320,16000
4321,16000
4322,16000
4323,16000
4324,16000
4325,16000
4326,16000
4327,16000
4328,16000
4329,16000
4330,16000
4331,16000
4332,16000
4333,16000
4334,16000
4335,16000
4336,16000
4337,16000
4338,16000
4339,16000
4340,16000
4341,16000
4342,16000
4343,16000
4344,16000
4345,16000
4346,16000
4347,16000
4348,16000
4349,16000
4350,16000
4351,16000
4352,16000
4353,16000
4354,16000
4355,16000
4356,16000
4357,16000
4358,16000
4359,16000
4360,16000
4361,16000
4362,16000
4363,16000
4364,16000
4365,16000
4366,16000
4367,16000
4368,16000
4369,16000
4370,16000
4371,16000
4372,16000
4373,16000
4374,16000
4375,16000
4376,16000
4377,16000
4378,16000
4379,16000
4380,16000
4381,16000
4382,16000
4383,16000
4384,16000
4385,16000
4386,16000
4387,16000
4388,16000
4389,16000
4390,16000
4391,16000
4392,16000
4393,16000
4394,16000
4395,16000
4396,16000
4397,16000
4398,16000
4399,16000
4400,16000
4401,16000
4402,16000
4403,16000
4404,16000
4405,16000
4406,16000
4407,16000
4408,16000
4409,16000
4410,16000
4411,16000
4412,16000
4413,16000
4414,16000
4415,16000
4416,16000
4417,16000
4418,16000
4419,16000
4420,16000
4421,16000
4422,16000
4423,16000
4424,16000
4425,16000
4426,16000
4427,16000
4428,16000
4429,16000
4430,16000
4431,16000
4432,16000
4433,16000
4434,16000
4435,16000
4436,16000
4437,16000
4438,16000
4439,16000
4440,16000
4441,16000
4442,16000
4443,16000
4444,16000
4445,16000
4446,16000
4447,16000
4448,16000
4449,16000
4450,16000
4451,16000
4452,16000
4453,16000
4454,16000
4455,16000
4456,16000
4457,16000
4458,16000
4459,16000
4460,16000
4461,16000
4462,16000
4463,16000
4464,16000
4465,16000
4466,16000
4467,16000
4468,16000
4469,16000
4470,16000
4471,16000
4472,16000
4473,16000
4474,16000
4475,16000
4476,16000
4477,16000
4478,16000
4479,16000
4480,16000
4481,16000
4482,16000
4483,16000
4484,16000
4485,16000
4486,16000
4487,16000
4488,16000
4489,16000
4490,16000
4491,16000
4492,16000
4493,16000
4494,16000
4495,16000
4496,16000
4497,16000
4498,16000
4499,16000
4500,16000
4501,16000
4502,16000
4503,16000
4504,16000
4505,16000
4506,16000
4507,16000
4508,16000
4509,16000
4510,16000
4511,16000
4512,16000
4513,16000
4514,16000
4515,16000
4516,16000
4517,16000
4518,16000
4519,16000
4520,16000
4521,16000
4522,16000
4523,16000
4524,16000
4525,16000
4526,16000
4527,16000
4528,16000
4529,16000
4530,16000
4531,16000
4532,16000
4533,16000
4534,16000
4535,16000
4536,16000
4537,16000
4538,16000
4539,16000
4540,16000
4541,16000
4542,16000
4543,16000
4544,16000
4545,16000
4546,16000
4547,16000
4548,16000
4549,16000
4550,16000
4551,16000
4552,16000
4553,16000
4554,16000
4555,16000
4556,16000
4557,16000
4558,16000
4559,16000
4560,16000
4561,16000
4562,16000
4563,16000
4564,16000
4565,16000
4566,16000
4567,16000
4568,16000
4569,16000
4570,16000
4571,16000
4572,16000
4573,16000
4574,16000
4575,16000
4576,16000
4577,16000
4578,16000
4579,16000
4580,16000
4581,16000
4582,16000
4583,16000
4584,16000
4585,16000
4586,16000
4587,16000
4588,16000
4589,16000
4590,16000
4591,16000
4592,16000
4593,16000
4594,16000
4595,16000
4596,16000
4597,16000
4598,16000
4599,16000
4600,16000
4601,16000
4602,16000
4603,16000
4604,16000
4605,16000
4606,16000
4607,16000
4608,16000
4609,16000
4610,16000
4611,16000
4612,16000
4613,16000
4614,16000
4615,16000
4616,16000
4617,16000
4618,16000
4619,16000
4620,16000
4621,16000
4622,16000
4623,16000
4624,16000
4625,16000
4626,16000
4627,16000
4628,16000
4629,16000
4630,16000
4631,16000
4632,16000
4633,16000
4634,16000
4635,16000
4636,16000
4637,16000
4638,16000
4639,16000
4640,16000
4641,16000
4642,16000
4643,16000
4644,16000
4645,16000
4646,16000
4647,16000
4648,16000
4649,16000
4650,16000
4651,16000
4652,16000
4653,16000
4654,16000
4655,16000
4656,16000
4657,16000
4658,16000
4659,16000
4660,16000
4661,16000
4662,16000
4663,16000
4664,16000
4665,16000
4666,16000
4667,16000
4668,16000
4669,16000
4670,16000
4671,16000
4672,16000
4673,16000
4674,16000
4675,16000
4676,16000
4677,16000
4678,16000
4679,16000
4680,16000
4681,16000
4682,16000
4683,16000
4684,16000
4685,16000
4686,16000
4687,16000
4688,16000
4689,16000
4690,16000
4691,16000
4692,16000
4693,16000
4694,16000
4695,16000
4696,16000
4697,16000
4698,16000
4699,16000
4700,16000
4701,16000
4702,16000
4703,16000
4704,16000
4705,16000
4706,16000
4707,16000
4708,16000
4709,16000
4710,16000
4711,16000
4712,16000
4713,16000
4714,16000
4715,16000
4716,16000
4717,16000
4718,16000
4719,16000
4720,16000
4721,16000
4722,16000
4723,16000
4724,16000
4725,16000
4726,16000
4727,16000
4728,16000
4729,16000
4730,16000
4731,16000
4732,16000
4733,16000
4734,16000
4735,16000
4736,16000
4737,16000
4738,16000
4739,16000
4740,16000
4741,16000
4742,16000
4743,16000
4744,16000
4745,16000
4746,16000
4747,16000
4748,16000
4749,16000
4750,16000
4751,16000
4752,16000
4753,16000
4754,16000
4755,16000
4756,16000
4757,16000
4758,16000
4759,16000
4760,16000
4761,16000
4762,16000
4763,16000
4764,16000
4765,16000
4766,16000
4767,16000
4768,16000
4769,16000
4770,16000
4771,16000
4772,16000
4773,16000
4774,16000
4775,16000
4776,16000
4777,16000
4778,16000
4779,16000
4780,16000
4781,16000
4782,16000
4783,16000
4784,16000
4785,16000
4786,16000
4787,16000
4788,16000
4789,16000
4790,16000
4791,16000
4792,16000
4793,16000
4794,16000
4795,16000
4796,16000
4797,16000
4798,16000
4799,16000
4800,16000
4801,16000
4802,16000
4803,16000
4804,16000
4805,16000
4806,16000
4807,16000
4808,16000
4809,16000
4810,16000
4811,16000
4812,16000
4813,16000
4814,16000
4815,16000
4816,16000
4817,16000
4818,16000
4819,16000
4820,16000
4821,16000
4822,16000
4823,16000
4824,16000
4825,16000
4826,16000
4827,16000
4828,16000
4829,16000
4830,16000
4831,16000
4832,16000
4833,16000
4834,16000
4835,16000
4836,16000
4837,16000
4838,16000
4839,16000
4840,16000
4841,16000
4842,16000
4843,16000
4844,16000
4845,16000
4846,16000
4847,16000
4848,16000
4849,16000
4850,16000
4851,16000
4852,16000
4853,16000
4854,16000
4855,16000
4856,16000
4857,16000
4858,16000
4859,16000
4860,16000
4861,16000
4862,16000
4863,16000
4864,16000
4865,16000
4866,16000
4867,16000
4868,16000
4869,16000
4870,16000
4871,16000
4872,16000
4873,16000
4874,16000
4875,16000
4876,16000
4877,16000
4878,16000
4879,16000
4880,16000
4881,16000
4882,16000
4883,16000
4884,16000
4885,16000
4886,16000
4887,16000
4888,16000
4889,16000
4890,16000
4891,16000
4892,16000
4893,16000
4894,16000
4895,16000
4896,16000
4897,16000
4898,16000
4899,16000
4900,16000
4901,16000
4902,16000
4903,16000
4904,16000
4905,16000
4906,16000
4907,16000
4908,16000
4909,16000
4910,16000
4911,16000
4912,16000
4913,16000
4914,16000
4915,16000
4916,16000
4917,16000
4918,16000
4919,16000
4920,16000
4921,16000
4922,16000
4923,16000
4924,16000
4925,16000
4926,16000
4927,16000
4928,16000
4929,16000
4930,16000
4931,16000
4932,16000
4933,16000
4934,16000
4935,16000
4936,16000
4937,16000
4938,16000
4939,16000
4940,16000
4941,16000
4942,16000
4943,16000
4944,16000
4945,16000
4946,16000
4947,16000
4948,16000
4949,16000
4950,16000
4951,16000
4952,16000
4953,16000
4954,16000
4955,16000
4956,16000
4957,16000
4958,16000
4959,16000
4960,16000
4961,16000
4962,16000
4963,16000
4964,16000
4965,16000
4966,16000
4967,16000
4968,16000
4969,16000
4970,16000
4971,16000
4972,16000
4973,16000
4974,16000
4975,16000
4976,16000
4977,16000
4978,16000
4979,16000
4980,16000
4981,16000
4982,16000
4983,16000
4984,16000
4985,16000
4986,16000
4987,16000
4988,16000
4989,16000
4990,16000
4991,16000
4992,16000
4993,16000
4994,16000
4995,16000
4996,16000
4997,16000
4998,16000
4999,16000
5000,16000
5001,16000
5002,16000
5003,16000
5004,16000
5005,16000
5006,16000
5007,16000
5008,16000
5009,16000
5010,16000
5011,16000
5012,16000
5013,16000
5014,16000
5015,16000
5016,16000
5017,16000
5018,16000
5019,16000
5020,16000
5021,16000
5022,16000
5023,16000
5024,16000
5025,16000
5026,16000
5027,16000
5028,16000
5029,16000
5030,16000
5031,16000
5032,16000
5033,16000
5034,16000
5035,16000
5036,16000
5037,16000
5038,16000
5039,16000
5040,16000
5041,16000
5042,16000
5043,16000
5044,16000
5045,16000
5046,16000
5047,16000
5048,16000
5049,16000
5050,16000
5051,16000
5052,16000
5053,16000
5054,16000
5055,16000
5056,16000
5057,16000
5058,16000
5059,16000
5060,16000
5061,16000
5062,16000
5063,16000
5064,16000
5065,16000
5066,16000
5067,16000
5068,16000
5069,16000
5070,16000
5071,16000
5072,16000
5073,16000
5074,16000
5075,16000
5076,16000
5077,16000
5078,16000
5079,16000
5080,16000
5081,16000
5082,16000
5083,16000
5084,16000
5085,16000
5086,16000
5087,16000
5088,16000
5089,16000
5090,16000
5091,16000
5092,16000
5093,16000
5094,16000
5095,16000
5096,16000
5097,16000
5098,16000
5099,16000
5100,16000
5101,16000
5102,16000
5103,16000
5104,16000
5105,16000
5106,16000
5107,16000
5108,16000
5109,16000
5110,16000
5111,16000
5112,16000
5113,16000
5114,16000
5115,16000
5116,16000
5117,16000
5118,16000
5119,16000
5120,16000
5121,16000
5122,16000
5123,16000
5124,16000
5125,16000
5126,16000
5127,16000
5128,16000
5129,16000
5130,16000
5131,16000
5132,16000
5133,16000
5134,16000
5135,16000
5136,16000
5137,16000
5138,16000
5139,16000
5140,16000
5141,16000
5142,16000
5143,16000
5144,16000
5145,16000
5146,16000
5147,16000
5148,16000
5149,16000
5150,16000
5151,16000
5152,16000
5153,16000
5154,16000
5155,16000
5156,16000
5157,16000
5158,16000
5159,16000
5160,16000
5161,16000
5162,16000
5163,16000
5164,16000
5165,16000
5166,16000
5167,16000
5168,16000
5169,16000
5170,16000
5171,16000
5172,16000
5173,16000
5174,16000
5175,16000
5176,16000
5177,16000
5178,16000
5179,16000
5180,16000
5181,16000
5182,16000
5183,16000
5184,16000
5185,16000
5186,16000
5187,16000
5188,16000
5189,16000
5190,16000
5191,16000
5192,16000
5193,16000
5194,16000
5195,16000
5196,16000
5197,16000
5198,16000
5199,16000
5200,16000
5201,16000
5202,16000
5203,16000
5204,16000
5205,16000
5206,16000
5207,16000
5208,16000
5209,16000
5210,16000
5211,16000
5212,16000
5213,16000
5214,16000
5215,16000
5216,16000
5217,16000
5218,16000
5219,16000
5220,16000
5221,16000
5222,16000
5223,16000
5224,16000
5225,16000
5226,16000
5227,16000
5228,16000
5229,16000
5230,16000
5231,16000
5232,16000
5233,16000
5234,16000
5235,16000
5236,16000
5237,16000
5238,16000
5239,16000
5240,16000
5241,16000
5242,16000
5243,16000
5244,16000
5245,16000
5246,16000
5247,16000
5248,16000
5249,16000
5250,16000
5251,16000
5252,16000
5253,16000
5254,16000
5255,16000
5256,16000
5257,16000
5258,16000
5259,16000
5260,16000
5261,16000
5262,16000
5263,16000
5264,16000
5265,16000
5266,16000
5267,16000
5268,16000
5269,16000
5270,16000
5271,16000
5272,16000
5273,16000
5274,16000
5275,16000
5276,16000
5277,16000
5278,16000
5279,16000
5280,16000
5281,16000
5282,16000
5283,16000
5284,16000
5285,16000
5286,16000
5287,16000
5288,16000
5289,16000
5290,16000
5291,16000
5292,16000
5293,16000
5294,16000
5295,16000
5296,16000
5297,16000
5298,16000
5299,16000
5300,16000
5301,16000
5302,16000
5303,16000
5304,16000
5305,16000
5306,16000
5307,16000
5308,16000
5309,16000
5310,16000
5311,16000
5312,16000
5313,16000
5314,16000
5315,16000
5316,16000
5317,16000
5318,16000
5319,16000
5320,16000
5321,16000
5322,16000
5323,16000
5324,16000
5325,16000
5326,16000
5327,16000
5328,16000
5329,16000
5330,16000
5331,16000
5332,16000
5333,16000
5334,16000
5335,16000
5336,16000
5337,16000
5338,16000
5339,16000
5340,16000
5341,16000
5342,16000
5343,16000
5344,16000
5345,16000
5346,16000
5347,16000
5348,16000
5349,16000
5350,16000
5351,16000
5352,16000
5353,16000
5354,16000
5355,16000
5356,16000
5357,16000
5358,16000
5359,16000
5360,16000
5361,16000
5362,16000
5363,16000
5364,16000
5365,16000
5366,16000
5367,16000
5368,16000
5369,16000
5370,16000
5371,16000
5372,16000
5373,16000
5374,16000
5375,16000
5376,16000
5377,16000
5378,16000
5379,16000
5380,16000
5381,16000
5382,16000
5383,16000
5384,16000
5385,16000
5386,16000
5387,16000
5388,16000
5389,16000
5390,16000
5391,16000
5392,16000
5393,16000
5394,16000
5395,16000
5396,16000
5397,16000
5398,16000
5399,16000
5400,16000
5401,16000
5402,16000
5403,16000
5404,16000
5405,16000
5406,16000
5407,16000
5408,16000
5409,16000
5410,16000
5411,16000
5412,16000
5413,16000
5414,16000
5415,16000
5416,16000
5417,16000
5418,16000
5419,16000
5420,16000
5421,16000
5422,16000
5423,16000
5424,16000
5425,16000
5426,16000
5427,16000
5428,16000
5429,16000
5430,16000
5431,16000
5432,16000
5433,16000
5434,16000
5435,16000
5436,16000
5437,16000
5438,16000
5439,16000
5440,16000
5441,16000
5442,16000
5443,16000
5444,16000
5445,16000
5446,16000
5447,16000
5448,16000
5449,16000
5450,16000
5451,16000
5452,16000
5453,16000
5454,16000
5455,16000
5456,16000
5457,16000
5458,16000
5459,16000
5460,16000
5461,16000
5462,16000
5463,16000
5464,16000
5465,16000
5466,16000
5467,16000
5468,16000
5469,16000
5470,16000
5471,16000
5472,16000
5473,16000
5474,16000
5475,16000
5476,16000
5477,16000
5478,16000
5479,16000
5480,16000
5481,16000
5482,16000
5483,16000
5484,16000
5485,16000
5486,16000
5487,16000
5488,16000
5489,16000
5490,16000
5491,16000
5492,16000
5493,16000
5494,16000
5495,16000
5496,16000
5497,16000
5498,16000
5499,16000
5500,16000
5501,16000
5502,16000
5503,16000
5504,16000
5505,16000
5506,16000
5507,16000
5508,16000
5509,16000
5510,16000
5511,16000
5512,16000
5513,16000
5514,16000
5515,16000
5516,16000
5517,16000
5518,16000
5519,16000
5520,16000
5521,16000
5522,16000
5523,16000
5524,16000
5525,16000
5526,16000
5527,16000
5528,16000
5529,16000
5530,16000
5531,16000
5532,16000
5533,16000
5534,16000
5535,16000
5536,16000
5537,16000
5538,16000
5539,16000
5540,16000
5541,16000
5542,16000
5543,16000
5544,16000
5545,16000
5546,16000
5547,16000
5548,16000
5549,16000
5550,16000
5551,16000
5552,16000
5553,16000
5554,16000
5555,16000
5556,16000
5557,16000
5558,16000
5559,16000
5560,16000
5561,16000
5562,16000
5563,16000
5564,16000
5565,16000
5566,16000
5567,16000
5568,16000
5569,16000
5570,16000
5571,16000
5572,16000
5573,16000
5574,16000
5575,16000
5576,16000
5577,16000
5578,16000
5579,16000
5580,16000
5581,16000
5582,16000
5583,16000
5584,16000
5585,16000
5586,16000
5587,16000
5588,16000
5589,16000
5590,16000
5591,16000
5592,16000
5593,16000
5594,16000
5595,16000
5596,16000
5597,16000
5598,16000
5599,16000
5600,16000
5601,16000
5602,16000
5603,16000
5604,16000
5605,16000
5606,16000
5607,16000
5608,16000
5609,16000
5610,16000
5611,16000
5612,16000
5613,16000
5614,16000
5615,16000
5616,16000
5617,16000
5618,16000
5619,16000
5620,16000
5621,16000
5622,16000
5623,16000
5624,16000
5625,16000
5626,16000
5627,16000
5628,16000
5629,16000
5630,16000
5631,16000
5632,16000
5633,16000
5634,16000
5635,16000
5636,16000
5637,16000
5638,16000
5639,16000
5640,16000
5641,16000
5642,16000
5643,16000
5644,16000
5645,16000
5646,16000
5647,16000
5648,16000
5649,16000
5650,16000
5651,16000
5652,16000
5653,16000
5654,16000
5655,16000
5656,16000
5657,16000
5658,16000
5659,16000
5660,16000
5661,16000
5662,16000
5663,16000
5664,16000
5665,16000
5666,16000
5667,16000
5668,16000
5669,16000
5670,16000
5671,16000
5672,16000
5673,16000
5674,16000
5675,16000
5676,16000
5677,16000
5678,16000
5679,16000
5680,16000
5681,16000
5682,16000
5683,16000
5684,16000
5685,16000
5686,16000
5687,16000
5688,16000
5689,16000
5690,16000
5691,16000
5692,16000
5693,16000
5694,16000
5695,16000
5696,16000
5697,16000
5698,16000
5699,16000
5700,16000
5701,16000
5702,16000
5703,16000
5704,16000
5705,16000
5706,16000
5707,16000
5708,16000
5709,16000
5710,16000
5711,16000
5712,16000
5713,16000
5714,16000
5715,16000
5716,16000
5717,16000
5718,16000
5719,16000
5720,16000
5721,16000
5722,16000
5723,16000
5724,16000
5725,16000
5726,16000
5727,16000
5728,16000
5729,16000
5730,16000
5731,16000
5732,16000
5733,16000
5734,16000
5735,16000
5736,16000
5737,16000
5738,16000
5739,16000
5740,16000
5741,16000
5742,16000
5743,16000
5744,16000
5745,16000
5746,16000
5747,16000
5748,16000
5749,16000
5750,16000
5751,16000
5752,16000
5753,16000
5754,16000
5755,16000
5756,16000
5757,16000
5758,16000
5759,16000
5760,16000
5761,16000
5762,16000
5763,16000
5764,16000
5765,16000
5766,16000
5767,16000
5768,16000
5769,16000
5770,16000
5771,16000
5772,16000
5773,16000
5774,16000
5775,16000
5776,16000
5777,16000
5778,16000
5779,16000
5780,16000
5781,16000
5782,16000
5783,16000
5784,16000
5785,16000
5786,16000
5787,16000
5788,16000
5789,16000
5790,16000
5791,16000
5792,16000
5793,16000
5794,16000
5795,16000
5796,16000
5797,16000
5798,16000
5799,16000
5800,16000
5801,16000
5802,16000
5803,16000
5804,16000
5805,16000
5806,16000
5807,16000
5808,16000
5809,16000
5810,16000
5811,16000
5812,16000
5813,16000
5814,16000
5815,16000
5816,16000
5817,16000
5818,16000
5819,16000
5820,16000
5821,16000
5822,16000
5823,16000
5824,16000
5825,16000
5826,16000
5827,16000
5828,16000
5829,16000
5830,16000
5831,16000
5832,16000
5833,16000
5834,16000
5835,16000
5836,16000
5837,16000
5838,16000
5839,16000
5840,16000
5841,16000
5842,16000
5843,16000
5844,16000
5845,16000
5846,16000
5847,16000
5848,16000
5849,16000
5850,16000
5851,16000
5852,16000
5853,16000
5854,16000
5855,16000
5856,16000
5857,16000
5858,16000
5859,16000
5860,16000
5861,16000
5862,16000
5863,16000
5864,16000
5865,16000
5866,16000
5867,16000
5868,16000
5869,16000
5870,16000
5871,16000
5872,16000
5873,16000
5874,16000
5875,16000
5876,16000
5877,16000
5878,16000
5879,16000
5880,16000
5881,16000
5882,16000
5883,16000
5884,16000
5885,16000
5886,16000
5887,16000
5888,16000
5889,16000
5890,16000
5891,16000
5892,16000
5893,16000
5894,16000
5895,16000
5896,16000
5897,16000
5898,16000
5899,16000
5900,16000
5901,16000
5902,16000
5903,16000
5904,16000
5905,16000
5906,16000
5907,16000
5908,16000
5909,16000
5910,16000
5911,16000
5912,16000
5913,16000
5914,16000
5915,16000
5916,16000
5917,16000
5918,16000
5919,16000
5920,16000
5921,16000
5922,16000
5923,16000
5924,16000
5925,16000
5926,16000
5927,16000
5928,16000
5929,16000
5930,16000
5931,16000
5932,16000
5933,16000
5934,16000
5935,16000
5936,16000
5937,16000
5938,16000
5939,16000
5940,16000
5941,16000
5942,16000
5943,16000
5944,16000
5945,16000
5946,16000
5947,16000
5948,16000
5949,16000
5950,16000
5951,16000
5952,16000
5953,16000
5954,16000
5955,16000
5956,16000
5957,16000
5958,16000
5959,16000
5960,16000
5961,16000
5962,16000
5963,16000
5964,16000
5965,16000
5966,16000
5967,16000
5968,16000
5969,16000
5970,16000
5971,16000
5972,16000
5973,16000
5974,16000
5975,16000
5976,16000
5977,16000
5978,16000
5979,16000
5980,16000
5981,16000
5982,16000
5983,16000
5984,16000
5985,16000
5986,16000
5987,16000
5988,16000
5989,16000
5990,16000
5991,16000
5992,16000
5993,16000
5994,16000
5995,16000
5996,16000
5997,16000
5998,16000
5999,16000
6000,16000
6001,16000
6002,16000
6003,16000
6004,16000
6005,16000
6006,16000
6007,16000
6008,16000
6009,16000
6010,16000
6011,16000
6012,16000
6013,16000
6014,16000
6015,16000
6016,16000
6017,16000
6018,16000
6019,16000
6020,16000
6021,16000
6022,16000
6023,16000
6024,16000
6025,16000
6026,16000
6027,16000
6028,16000
6029,16000
6030,16000
6031,16000
6032,16000
6033,16000
6034,16000
6035,16000
6036,16000
6037,16000
6038,16000
6039,16000
6040,16000
6041,16000
6042,16000
6043,16000
6044,16000
6045,16000
6046,16000
6047,16000
6048,16000
6049,16000
6050,16000
6051,16000
6052,16000
6053,16000
6054,16000
6055,16000
6056,16000
6057,16000
6058,16000
6059,16000
6060,16000
6061,16000
6062,16000
6063,16000
6064,16000
6065,16000
6066,16000
6067,16000
6068,16000
6069,16000
6070,16000
6071,16000
6072,16000
6073,16000
6074,16000
6075,16000
6076,16000
6077,16000
6078,16000
6079,16000
6080,16000
6081,16000
6082,16000
6083,16000
6084,16000
6085,16000
6086,16000
6087,16000
6088,16000
6089,16000
6090,16000
6091,16000
6092,16000
6093,16000
6094,16000
6095,16000
6096,16000
6097,16000
6098,16000
6099,16000
6100,16000
6101,16000
6102,16000
6103,16000
6104,16000
6105,16000
6106,16000
6107,16000
6108,16000
6109,16000
6110,16000
6111,16000
6112,16000
6113,16000
6114,16000
6115,16000
6116,16000
6117,16000
6118,16000
6119,16000
6120,16000
6121,16000
6122,16000
6123,16000
6124,16000
6125,16000
6126,16000
6127,16000
6128,16000
6129,16000
6130,16000
6131,16000
6132,16000
6133,16000
6134,16000
6135,16000
6136,16000
6137,16000
6138,16000
6139,16000
6140,16000
6141,16000
6142,16000
6143,16000
6144,16000
6145,16000
6146,16000
6147,16000
6148,16000
6149,16000
6150,16000
6151,16000
6152,16000
6153,16000
6154,16000
6155,16000
6156,16000
6157,16000
6158,16000
6159,16000
6160,16000
6161,16000
6162,16000
6163,16000
6164,16000
6165,16000
6166,16000
6167,16000
6168,16000
6169,16000
6170,16000
6171,16000
6172,16000
6173,16000
6174,16000
6175,16000
6176,16000
6177,16000
6178,16000
6179,16000
6180,16000
6181,16000
6182,16000
6183,16000
6184,16000
6185,16000
6186,16000
6187,16000
6188,16000
6189,16000
6190,16000
6191,16000
6192,16000
6193,16000
6194,16000
6195,16000
6196,16000
6197,16000
6198,16000
6199,16000
6200,16000
6201,16000
6202,16000
6203,16000
6204,16000
6205,16000
6206,16000
6207,16000
6208,16000
6209,16000
6210,16000
6211,16000
6212,16000
6213,16000
6214,16000
6215,16000
6216,16000
6217,16000
6218,16000
6219,16000
6220,16000
6221,16000
6222,16000
6223,16000
6224,16000
6225,16000
6226,16000
6227,16000
6228,16000
6229,16000
6230,16000
6231,16000
6232,16000
6233,16000
6234,16000
6235,16000
6236,16000
6237,16000
6238,16000
6239,16000
6240,16000
6241,16000
6242,16000
6243,16000
6244,16000
6245,16000
6246,16000
6247,16000
6248,16000
6249,16000
6250,16000
6251,16000
6252,16000
6253,16000
6254,16000
6255,16000
6256,16000
6257,16000
6258,16000
6259,16000
6260,16000
6261,16000
6262,16000
6263,16000
6264,16000
6265,16000
6266,16000
6267,16000
6268,16000
6269,16000
6270,16000
6271,16000
6272,16000
6273,16000
6274,16000
6275,16000
6276,16000
6277,16000
6278,16000
6279,16000
6280,16000
6281,16000
6282,16000
6283,16000
6284,16000
6285,16000
6286,16000
6287,16000
6288,16000
6289,16000
6290,16000
6291,16000
6292,16000
6293,16000
6294,16000
6295,16000
6296,16000
6297,16000
6298,16000
6299,16000
6300,16000
6301,16000
6302,16000
6303,16000
6304,16000
6305,16000
6306,16000
6307,16000
6308,16000
6309,16000
6310,16000
6311,16000
6312,16000
6313,16000
6314,16000
6315,16000
6316,16000
6317,16000
6318,16000
6319,16000
6320,16000
6321,16000
6322,16000
6323,16000
6324,16000
6325,16000
6326,16000
6327,16000
6328,16000
6329,16000
6330,16000
6331,16000
6332,16000
6333,16000
6334,16000
6335,16000
6336,16000
6337,16000
6338,16000
6339,16000
6340,16000
6341,16000
6342,16000
6343,16000
6344,16000
6345,16000
6346,16000
6347,16000
6348,16000
6349,16000
6350,16000
6351,16000
6352,16000
6353,16000
6354,16000
6355,16000
6356,16000
6357,16000
6358,16000
6359,16000
6360,16000
6361,16000
6362,16000
6363,16000
6364,16000
6365,16000
6366,16000
6367,16000
6368,16000
6369,16000
6370,16000
6371,16000
6372,16000
6373,16000
6374,16000
6375,16000
6376,16000
6377,16000
6378,16000
6379,16000
6380,16000
6381,16000
6382,16000
6383,16000
6384,16000
6385,16000
6386,16000
6387,16000
6388,16000
6389,16000
6390,16000
6391,16000
6392,16000
6393,16000
6394,16000
6395,16000
6396,16000
6397,16000
6398,16000
6399,16000
6400,16000
6401,16000
6402,16000
6403,16000
6404,16000
6405,16000
6406,16000
6407,16000
6408,16000
6409,16000
6410,16000
6411,16000
6412,16000
6413,16000
6414,16000
6415,16000
6416,16000
6417,16000
6418,16000
6419,16000
6420,16000
6421,16000
6422,16000
6423,16000
6424,16000
6425,16000
6426,16000
6427,16000
6428,16000
6429,16000
6430,16000
6431,16000
6432,16000
6433,16000
6434,16000
6435,16000
6436,16000
6437,16000
6438,16000
6439,16000
6440,16000
6441,16000
6442,16000
6443,16000
6444,16000
6445,16000
6446,16000
6447,16000
6448,16000
6449,16000
6450,16000
6451,16000
6452,16000
6453,16000
6454,16000
6455,16000
6456,16000
6457,16000
6458,16000
6459,16000
6460,16000
6461,16000
6462,16000
6463,16000
6464,16000
6465,16000
6466,16000
6467,16000
6468,16000
6469,16000
6470,16000
6471,16000
6472,16000
6473,16000
6474,16000
6475,16000
6476,16000
6477,16000
6478,16000
6479,16000
6480,16000
6481,16000
6482,16000
6483,16000
6484,16000
6485,16000
6486,16000
6487,16000
6488,16000
6489,16000
6490,16000
6491,16000
6492,16000
6493,16000
6494,16000
6495,16000
6496,16000
6497,16000
6498,16000
6499,16000
6500,16000
6501,16000
6502,16000
6503,16000
6504,16000
6505,16000
6506,16000
6507,16000
6508,16000
6509,16000
6510,16000
6511,16000
6512,16000
6513,16000
6514,16000
6515,16000
6516,16000
6517,16000
6518,16000
6519,16000
6520,16000
6521,16000
6522,16000
6523,16000
6524,16000
6525,16000
6526,16000
6527,16000
6528,16000
6529,16000
6530,16000
6531,16000
6532,16000
6533,16000
6534,16000
6535,16000
6536,16000
6537,16000
6538,16000
6539,16000
6540,16000
6541,16000
6542,16000
6543,16000
6544,16000
6545,16000
6546,16000
6547,16000
6548,16000
6549,16000
6550,16000
6551,16000
6552,16000
6553,16000
6554,16000
6555,16000
6556,16000
6557,16000
6558,16000
6559,16000
6560,16000
6561,16000
6562,16000
6563,16000
6564,16000
6565,16000
6566,16000
6567,16000
6568,16000
6569,16000
6570,16000
6571,16000
6572,16000
6573,16000
6574,16000
6575,16000
6576,16000
6577,16000
6578,16000
6579,16000
6580,16000
6581,16000
6582,16000
6583,16000
6584,16000
6585,16000
6586,16000
6587,16000
6588,16000
6589,16000
6590,16000
6591,16000
6592,16000
6593,16000
6594,16000
6595,16000
6596,16000
6597,16000
6598,16000
6599,16000
6600,16000
6601,16000
6602,16000
6603,16000
6604,16000
6605,16000
6606,16000
6607,16000
6608,16000
6609,16000
6610,16000
6611,16000
6612,16000
6613,16000
6614,16000
6615,16000
6616,16000
6617,16000
6618,16000
6619,16000
6620,16000
6621,16000
6622,16000
6623,16000
6624,16000
6625,16000
6626,16000
6627,16000
6628,16000
6629,16000
6630,16000
6631,16000
6632,16000
6633,16000
6634,16000
6635,16000
6636,16000
6637,16000
6638,16000
6639,16000
6640,16000
6641,16000
6642,16000
6643,16000
6644,16000
6645,16000
6646,16000
6647,16000
6648,16000
6649,16000
6650,16000
6651,16000
6652,16000
6653,16000
6654,16000
6655,16000
6656,16000
6657,16000
6658,16000
6659,16000
6660,16000
6661,16000
6662,16000
6663,16000
6664,16000
6665,16000
6666,16000
6667,16000
6668,16000
6669,16000
6670,16000
6671,16000
6672,16000
6673,16000
6674,16000
6675,16000
6676,16000
6677,16000
6678,16000
6679,16000
6680,16000
6681,16000
6682,16000
6683,16000
6684,16000
6685,16000
6686,16000
6687,16000
6688,16000
6689,16000
6690,16000
6691,16000
6692,16000
6693,16000
6694,16000
6695,16000
6696,16000
6697,16000
6698,16000
6699,16000
6700,16000
6701,16000
6702,16000
6703,16000
6704,16000
6705,16000
6706,16000
6707,16000
6708,16000
6709,16000
6710,16000
6711,16000
6712,16000
6713,16000
6714,16000
6715,16000
6716,16000
6717,16000
6718,16000
6719,16000
6720,16000
6721,16000
6722,16000
6723,16000
6724,16000
6725,16000
6726,16000
6727,16000
6728,16000
6729,16000
6730,16000
6731,16000
6732,16000
6733,16000
6734,16000
6735,16000
6736,16000
6737,16000
6738,16000
6739,16000
6740,16000
6741,16000
6742,16000
6743,16000
6744,16000
6745,16000
6746,16000
6747,16000
6748,16000
6749,16000
6750,16000
6751,16000
6752,16000
6753,16000
6754,16000
6755,16000
6756,16000
6757,16000
6758,16000
6759,16000
6760,16000
6761,16000
6762,16000
6763,16000
6764,16000
6765,16000
6766,16000
6767,16000
6768,16000
6769,16000
6770,16000
6771,16000
6772,16000
6773,16000
6774,16000
6775,16000
6776,16000
6777,16000
6778,16000
6779,16000
6780,16000
6781,16000
6782,16000
6783,16000
6784,16000
6785,16000
6786,16000
6787,16000
6788,16000
6789,16000
6790,16000
6791,16000
6792,16000
6793,16000
6794,16000
6795,16000
6796,16000
6797,16000
6798,16000
6799,16000
6800,16000
6801,16000
6802,16000
6803,16000
6804,16000
6805,16000
6806,16000
6807,16000
6808,16000
6809,16000
6810,16000
6811,16000
6812,16000
6813,16000
6814,16000
6815,16000
6816,16000
6817,16000
6818,16000
6819,16000
6820,16000
6821,16000
6822,16000
6823,16000
6824,16000
6825,16000
6826,16000
6827,16000
6828,16000
6829,16000
6830,16000
6831,16000
6832,16000
6833,16000
6834,16000
6835,16000
6836,16000
6837,16000
6838,16000
6839,16000
6840,16000
6841,16000
6842,16000
6843,16000
6844,16000
6845,16000
6846,16000
6847,16000
6848,16000
6849,16000
6850,16000
6851,16000
6852,16000
6853,16000
6854,16000
6855,16000
6856,16000
6857,16000
6858,16000
6859,16000
6860,16000
6861,16000
6862,16000
6863,16000
6864,16000
6865,16000
6866,16000
6867,16000
6868,16000
6869,16000
6870,16000
6871,16000
6872,16000
6873,16000
6874,16000
6875,16000
6876,16000
6877,16000
6878,16000
6879,16000
6880,16000
6881,16000
6882,16000
6883,16000
6884,16000
6885,16000
6886,16000
6887,16000
6888,16000
6889,16000
6890,16000
6891,16000
6892,16000
6893,16000
6894,16000
6895,16000
6896,16000
6897,16000
6898,16000
6899,16000
6900,16000
6901,16000
6902,16000
6903,16000
6904,16000
6905,16000
6906,16000
6907,16000
6908,16000
6909,16000
6910,16000
6911,16000
6912,16000
6913,16000
6914,16000
6915,16000
6916,16000
6917,16000
6918,16000
6919,16000
6920,16000
6921,16000
6922,16000
6923,16000
6924,16000
6925,16000
6926,16000
6927,16000
6928,16000
6929,16000
6930,16000
6931,16000
6932,16000
6933,16000
6934,16000
6935,16000
6936,16000
6937,16000
6938,16000
6939,16000
6940,16000
6941,16000
6942,16000
6943,16000
6944,16000
6945,16000
6946,16000
6947,16000
6948,16000
6949,16000
6950,16000
6951,16000
6952,16000
6953,16000
6954,16000
6955,16000
6956,16000
6957,16000
6958,16000
6959,16000
6960,16000
6961,16000
6962,16000
6963,16000
6964,16000
6965,16000
6966,16000
6967,16000
6968,16000
6969,16000
6970,16000
6971,16000
6972,16000
6973,16000
6974,16000
6975,16000
6976,16000
6977,16000
6978,16000
6979,16000
6980,16000
6981,16000
6982,16000
6983,16000
6984,16000
6985,16000
6986,16000
6987,16000
6988,16000
6989,16000
6990,16000
6991,16000
6992,16000
6993,16000
6994,16000
6995,16000
6996,16000
6997,16000
6998,16000
6999,16000
7000,16000
7001,16000
7002,16000
7003,16000
7004,16000
7005,16000
7006,16000
7007,16000
7008,16000
7009,16000
7010,16000
7011,16000
7012,16000
7013,16000
7014,16000
7015,16000
7016,16000
7017,16000
7018,16000
7019,16000
7020,16000
7021,16000
7022,16000
7023,16000
7024,16000
7025,16000
7026,16000
7027,16000
7028,16000
7029,16000
7030,16000
7031,16000
7032,16000
7033,16000
7034,16000
7035,16000
7036,16000
7037,16000
7038,16000
7039,16000
7040,16000
7041,16000
7042,16000
7043,16000
7044,16000
7045,16000
7046,16000
7047,16000
7048,16000
7049,16000
7050,16000
7051,16000
7052,16000
7053,16000
7054,16000
7055,16000
7056,16000
7057,16000
7058,16000
7059,16000
7060,16000
7061,16000
7062,16000
7063,16000
7064,16000
7065,16000
7066,16000
7067,16000
7068,16000
7069,16000
7070,16000
7071,16000
7072,16000
7073,16000
7074,16000
7075,16000
7076,16000
7077,16000
7078,16000
7079,16000
7080,16000
7081,16000
7082,16000
7083,16000
7084,16000
7085,16000
7086,16000
7087,16000
7088,16000
7089,16000
7090,16000
7091,16000
7092,16000
7093,16000
7094,16000
7095,16000
7096,16000
7097,16000
7098,16000
7099,16000
7100,16000
7101,16000
7102,16000
7103,16000
7104,16000
7105,16000
7106,16000
7107,16000
7108,16000
7109,16000
7110,16000
7111,16000
7112,16000
7113,16000
7114,16000
7115,16000
7116,16000
7117,16000
7118,16000
7119,16000
7120,16000
7121,16000
7122,16000
7123,16000
7124,16000
7125,16000
7126,16000
7127,16000
7128,16000
7129,16000
7130,16000
7131,16000
7132,16000
7133,16000
7134,16000
7135,16000
7136,16000
7137,16000
7138,16000
7139,16000
7140,16000
7141,16000
7142,16000
7143,16000
7144,16000
7145,16000
7146,16000
7147,16000
7148,16000
7149,16000
7150,16000
7151,16000
7152,16000
7153,16000
7154,16000
7155,16000
7156,16000
7157,16000
7158,16000
7159,16000
7160,16000
7161,16000
7162,16000
7163,16000
7164,16000
7165,16000
7166,16000
7167,16000
7168,16000
7169,16000
7170,16000
7171,16000
7172,16000
7173,16000
7174,16000
7175,16000
7176,16000
7177,16000
7178,16000
7179,16000
7180,16000
7181,16000
7182,16000
7183,16000
7184,16000
7185,16000
7186,16000
7187,16000
7188,16000
7189,16000
7190,16000
7191,16000
7192,16000
7193,16000
7194,16000
7195,16000
7196,16000
7197,16000
7198,16000
7199,16000
7200,16000
7201,16000
7202,16000
7203,16000
7204,16000
7205,16000
7206,16000
7207,16000
7208,16000
7209,16000
7210,16000
7211,16000
7212,16000
7213,16000
7214,16000
7215,16000
7216,16000
7217,16000
7218,16000
7219,16000
7220,16000
7221,16000
7222,16000
7223,16000
7224,16000
7225,16000
7226,16000
7227,16000
7228,16000
7229,16000
7230,16000
7231,16000
7232,16000
7233,16000
7234,16000
7235,16000
7236,16000
7237,16000
7238,16000
7239,16000
7240,16000
7241,16000
7242,16000
7243,16000
7244,16000
7245,16000
7246,16000
7247,16000
7248,16000
7249,16000
7250,16000
7251,16000
7252,16000
7253,16000
7254,16000
7255,16000
7256,16000
7257,16000
7258,16000
7259,16000
7260,16000
7261,16000
7262,16000
7263,16000
7264,16000
7265,16000
7266,16000
7267,16000
7268,16000
7269,16000
7270,16000
7271,16000
7272,16000
7273,16000
7274,16000
7275,16000
7276,16000
7277,16000
7278,16000
7279,16000
7280,16000
7281,16000
7282,16000
7283,16000
7284,16000
7285,16000
7286,16000
7287,16000
7288,16000
7289,16000
7290,16000
7291,16000
7292,16000
7293,16000
7294,16000
7295,16000
7296,16000
7297,16000
7298,16000
7299,16000
7300,16000
7301,16000
7302,16000
7303,16000
7304,16000
7305,16000
7306,16000
7307,16000
7308,16000
7309,16000
7310,16000
7311,16000
7312,16000
7313,16000
7314,16000
7315,16000
7316,16000
7317,16000
7318,16000
7319,16000
7320,16000
7321,16000
7322,16000
7323,16000
7324,16000
7325,16000
7326,16000
7327,16000
7328,16000
7329,16000
7330,16000
7331,16000
7332,16000
7333,16000
7334,16000
7335,16000
7336,16000
7337,16000
7338,16000
7339,16000
7340,16000
7341,16000
7342,16000
7343,16000
7344,16000
7345,16000
7346,16000
7347,16000
7348,16000
7349,16000
7350,16000
7351,16000
7352,16000
7353,16000
7354,16000
7355,16000
7356,16000
7357,16000
7358,16000
7359,16000
7360,16000
7361,16000
7362,16000
7363,16000
7364,16000
7365,16000
7366,16000
7367,16000
7368,16000
7369,16000
7370,16000
7371,16000
7372,16000
7373,16000
7374,16000
7375,16000
7376,16000
7377,16000
7378,16000
7379,16000
7380,16000
7381,16000
7382,16000
7383,16000
7384,16000
7385,16000
7386,16000
7387,16000
7388,16000
7389,16000
7390,16000
7391,16000
7392,16000
7393,16000
7394,16000
7395,16000
7396,16000
7397,16000
7398,16000
7399,16000
7400,16000
7401,16000
7402,16000
7403,16000
7404,16000
7405,16000
7406,16000
7407,16000
7408,16000
7409,16000
7410,16000
7411,16000
7412,16000
7413,16000
7414,16000
7415,16000
7416,16000
7417,16000
7418,16000
7419,16000
7420,16000
7421,16000
7422,16000
7423,16000
7424,16000
7425,16000
7426,16000
7427,16000
7428,16000
7429,16000
7430,16000
7431,16000
7432,16000
7433,16000
7434,16000
7435,16000
7436,16000
7437,16000
7438,16000
7439,16000
7440,16000
7441,16000
7442,16000
7443,16000
7444,16000
7445,16000
7446,16000
7447,16000
7448,16000
7449,16000
7450,16000
7451,16000
7452,16000
7453,16000
7454,16000
7455,16000
7456,16000
7457,16000
7458,16000
7459,16000
7460,16000
7461,16000
7462,16000
7463,16000
7464,16000
7465,16000
7466,16000
7467,16000
7468,16000
7469,16000
7470,16000
7471,16000
7472,16000
7473,16000
7474,16000
7475,16000
7476,16000
7477,16000
7478,16000
7479,16000
7480,16000
7481,16000
7482,16000
7483,16000
7484,16000
7485,16000
7486,16000
7487,16000
7488,16000
7489,16000
7490,16000
7491,16000
7492,16000
7493,16000
7494,16000
7495,16000
7496,16000
7497,16000
7498,16000
7499,16000
7500,16000
7501,16000
7502,16000
7503,16000
7504,16000
7505,16000
7506,16000
7507,16000
7508,16000
7509,16000
7510,16000
7511,16000
7512,16000
7513,16000
7514,16000
7515,16000
7516,16000
7517,16000
7518,16000
7519,16000
7520,16000
7521,16000
7522,16000
7523,16000
7524,16000
7525,16000
7526,16000
7527,16000
7528,16000
7529,16000
7530,16000
7531,16000
7532,16000
7533,16000
7534,16000
7535,16000
7536,16000
7537,16000
7538,16000
7539,16000
7540,16000
7541,16000
7542,16000
7543,16000
7544,16000
7545,16000
7546,16000
7547,16000
7548,16000
7549,16000
7550,16000
7551,16000
7552,16000
7553,16000
7554,16000
7555,16000
7556,16000
7557,16000
7558,16000
7559,16000
7560,16000
7561,16000
7562,16000
7563,16000
7564,16000
7565,16000
7566,16000
7567,16000
7568,16000
7569,16000
7570,16000
7571,16000
7572,16000
7573,16000
7574,16000
7575,16000
7576,16000
7577,16000
7578,16000
7579,16000
7580,16000
7581,16000
7582,16000
7583,16000
7584,16000
7585,16000
7586,16000
7587,16000
7588,16000
7589,16000
7590,16000
7591,16000
7592,16000
7593,16000
7594,16000
7595,16000
7596,16000
7597,16000
7598,16000
7599,16000
7600,16000
7601,16000
7602,16000
7603,16000
7604,16000
7605,16000
7606,16000
7607,16000
7608,16000
7609,16000
7610,16000
7611,16000
7612,16000
7613,16000
7614,16000
7615,16000
7616,16000
7617,16000
7618,16000
7619,16000
7620,16000
7621,16000
7622,16000
7623,16000
7624,16000
7625,16000
7626,16000
7627,16000
7628,16000
7629,16000
7630,16000
7631,16000
7632,16000
7633,16000
7634,16000
7635,16000
7636,16000
7637,16000
7638,16000
7639,16000
7640,16000
7641,16000
7642,16000
7643,16000
7644,16000
7645,16000
7646,16000
7647,16000
7648,16000
7649,16000
7650,16000
7651,16000
7652,16000
7653,16000
7654,16000
7655,16000
7656,16000
7657,16000
7658,16000
7659,16000
7660,16000
7661,16000
7662,16000
7663,16000
7664,16000
7665,16000
7666,16000
7667,16000
7668,16000
7669,16000
7670,16000
7671,16000
7672,16000
7673,16000
7674,16000
7675,16000
7676,16000
7677,16000
7678,16000
7679,16000
7680,16000
7681,16000
7682,16000
7683,16000
7684,16000
7685,16000
7686,16000
7687,16000
7688,16000
7689,16000
7690,16000
7691,16000
7692,16000
7693,16000
7694,16000
7695,16000
7696,16000
7697,16000
7698,16000
7699,16000
7700,16000
7701,16000
7702,16000
7703,16000
7704,16000
7705,16000
7706,16000
7707,16000
7708,16000
7709,16000
7710,16000
7711,16000
7712,16000
7713,16000
7714,16000
7715,16000
7716,16000
7717,16000
7718,16000
7719,16000
7720,16000
7721,16000
7722,16000
7723,16000
7724,16000
7725,16000
7726,16000
7727,16000
7728,16000
7729,16000
7730,16000
7731,16000
7732,16000
7733,16000
7734,16000
7735,16000
7736,16000
7737,16000
7738,16000
7739,16000
7740,16000
7741,16000
7742,16000
7743,16000
7744,16000
7745,16000
7746,16000
7747,16000
7748,16000
7749,16000
7750,16000
7751,16000
7752,16000
7753,16000
7754,16000
7755,16000
7756,16000
7757,16000
7758,16000
7759,16000
7760,16000
7761,16000
7762,16000
7763,16000
7764,16000
7765,16000
7766,16000
7767,16000
7768,16000
7769,16000
7770,16000
7771,16000
7772,16000
7773,16000
7774,16000
7775,16000
7776,16000
7777,16000
7778,16000
7779,16000
7780,16000
7781,16000
7782,16000
7783,16000
7784,16000
7785,16000
7786,16000
7787,16000
7788,16000
7789,16000
7790,16000
7791,16000
7792,16000
7793,16000
7794,16000
7795,16000
7796,16000
7797,16000
7798,16000
7799,16000
7800,16000
7801,16000
7802,16000
7803,16000
7804,16000
7805,16000
7806,16000
7807,16000
7808,16000
7809,16000
7810,16000
7811,16000
7812,16000
7813,16000
7814,16000
7815,16000
7816,16000
7817,16000
7818,16000
7819,16000
7820,16000
7821,16000
7822,16000
7823,16000
7824,16000
7825,16000
7826,16000
7827,16000
7828,16000
7829,16000
7830,16000
7831,16000
7832,16000
7833,16000
7834,16000
7835,16000
7836,16000
7837,16000
7838,16000
7839,16000
7840,16000
7841,16000
7842,16000
7843,16000
7844,16000
7845,16000
7846,16000
7847,16000
7848,16000
7849,16000
7850,16000
7851,16000
7852,16000
7853,16000
7854,16000
7855,16000
7856,16000
7857,16000
7858,16000
7859,16000
7860,16000
7861,16000
7862,16000
7863,16000
7864,16000
7865,16000
7866,16000
7867,16000
7868,16000
7869,16000
7870,16000
7871,16000
7872,16000
7873,16000
7874,16000
7875,16000
7876,16000
7877,16000
7878,16000
7879,16000
7880,16000
7881,16000
7882,16000
7883,16000
7884,16000
7885,16000
7886,16000
7887,16000
7888,16000
7889,16000
7890,16000
7891,16000
7892,16000
7893,16000
7894,16000
7895,16000
7896,16000
7897,16000
7898,16000
7899,16000
7900,16000
7901,16000
7902,16000
7903,16000
7904,16000
7905,16000
7906,16000
7907,16000
7908,16000
7909,16000
7910,16000
7911,16000
7912,16000
7913,16000
7914,16000
7915,16000
7916,16000
7917,16000
7918,16000
7919,16000
7920,16000
7921,16000
7922,16000
7923,16000
7924,16000
7925,16000
7926,16000
7927,16000
7928,16000
7929,16000
7930,16000
7931,16000
7932,16000
7933,16000
7934,16000
7935,16000
7936,16000
7937,16000
7938,16000
7939,16000
7940,16000
7941,16000
7942,16000
7943,16000
7944,16000
7945,16000
7946,16000
7947,16000
7948,16000
7949,16000
7950,16000
7951,16000
7952,16000
7953,16000
7954,16000
7955,16000
7956,16000
7957,16000
7958,16000
7959,16000
7960,16000
7961,16000
7962,16000
7963,16000
7964,16000
7965,16000
7966,16000
7967,16000
7968,16000
7969,16000
7970,16000
7971,16000
7972,16000
7973,16000
7974,16000
7975,16000
7976,16000
7977,16000
7978,16000
7979,16000
7980,16000
7981,16000
7982,16000
7983,16000
7984,16000
7985,16000
7986,16000
7987,16000
7988,16000
7989,16000
7990,16000
7991,16000
7992,16000
7993,16000
7994,16000
7995,16000
7996,16000
7997,16000
7998,16000
7999,16000
8000,16000
8001,16000
8002,16000
8003,16000
8004,16000
8005,16000
8006,16000
8007,16000
8008,16000
8009,16000
8010,16000
8011,16000
8012,16000
8013,16000
8014,16000
8015,16000
8016,16000
8017,16000
8018,16000
8019,16000
8020,16000
8021,16000
8022,16000
8023,16000
8024,16000
8025,16000
8026,16000
8027,16000
8028,16000
8029,16000
8030,16000
8031,16000
8032,16000
8033,16000
8034,16000
8035,16000
8036,16000
8037,16000
8038,16000
8039,16000
8040,16000
8041,16000
8042,16000
8043,16000
8044,16000
8045,16000
8046,16000
8047,16000
8048,16000
8049,16000
8050,16000
8051,16000
8052,16000
8053,16000
8054,16000
8055,16000
8056,16000
8057,16000
8058,16000
8059,16000
8060,16000
8061,16000
8062,16000
8063,16000
8064,16000
8065,16000
8066,16000
8067,16000
8068,16000
8069,16000
8070,16000
8071,16000
8072,16000
8073,16000
8074,16000
8075,16000
8076,16000
8077,16000
8078,16000
8079,16000
8080,16000
8081,16000
8082,16000
8083,16000
8084,16000
8085,16000
8086,16000
8087,16000
8088,16000
8089,16000
8090,16000
8091,16000
8092,16000
8093,16000
8094,16000
8095,16000
8096,16000
8097,16000
8098,16000
8099,16000
8100,16000
8101,16000
8102,16000
8103,16000
8104,16000
8105,16000
8106,16000
8107,16000
8108,16000
8109,16000
8110,16000
8111,16000
8112,16000
8113,16000
8114,16000
8115,16000
8116,16000
8117,16000
8118,16000
8119,16000
8120,16000
8121,16000
8122,16000
8123,16000
8124,16000
8125,16000
8126,16000
8127,16000
8128,16000
8129,16000
8130,16000
8131,16000
8132,16000
8133,16000
8134,16000
8135,16000
8136,16000
8137,16000
8138,16000
8139,16000
8140,16000
8141,16000
8142,16000
8143,16000
8144,16000
8145,16000
8146,16000
8147,16000
8148,16000
8149,16000
8150,16000
8151,16000
8152,16000
8153,16000
8154,16000
8155,16000
8156,16000
8157,16000
8158,16000
8159,16000
8160,16000
8161,16000
8162,16000
8163,16000
8164,16000
8165,16000
8166,16000
8167,16000
8168,16000
8169,16000
8170,16000
8171,16000
8172,16000
8173,16000
8174,16000
8175,16000
8176,16000
8177,16000
8178,16000
8179,16000
8180,16000
8181,16000
8182,16000
8183,16000
8184,16000
8185,16000
8186,16000
8187,16000
8188,16000
8189,16000
8190,16000
8191,16000
8192,16000
8193,16000
8194,16000
8195,16000
8196,16000
8197,16000
8198,16000
8199,16000
8200,16000
8201,16000
8202,16000
8203,16000
8204,16000
8205,16000
8206,16000
8207,16000
8208,16000
8209,16000
8210,16000
8211,16000
8212,16000
8213,16000
8214,16000
8215,16000
8216,16000
8217,16000
8218,16000
8219,16000
8220,16000
8221,16000
8222,16000
8223,16000
8224,16000
8225,16000
8226,16000
8227,16000
8228,16000
8229,16000
8230,16000
8231,16000
8232,16000
8233,16000
8234,16000
8235,16000
8236,16000
8237,16000
8238,16000
8239,16000
8240,16000
8241,16000
8242,16000
8243,16000
8244,16000
8245,16000
8246,16000
8247,16000
8248,16000
8249,16000
8250,16000
8251,16000
8252,16000
8253,16000
8254,16000
8255,16000
8256,16000
8257,16000
8258,16000
8259,16000
8260,16000
8261,16000
8262,16000
8263,16000
8264,16000
8265,16000
8266,16000
8267,16000
8268,16000
8269,16000
8270,16000
8271,16000
8272,16000
8273,16000
8274,16000
8275,16000
8276,16000
8277,16000
8278,16000
8279,16000
8280,16000
8281,16000
8282,16000
8283,16000
8284,16000
8285,16000
8286,16000
8287,16000
8288,16000
8289,16000
8290,16000
8291,16000
8292,16000
8293,16000
8294,16000
8295,16000
8296,16000
8297,16000
8298,16000
8299,16000
8300,16000
8301,16000
8302,16000
8303,16000
8304,16000
8305,16000
8306,16000
8307,16000
8308,16000
8309,16000
8310,16000
8311,16000
8312,16000
8313,16000
8314,16000
8315,16000
8316,16000
8317,16000
8318,16000
8319,16000
8320,16000
8321,16000
8322,16000
8323,16000
8324,16000
8325,16000
8326,16000
8327,16000
8328,16000
8329,16000
8330,16000
8331,16000
8332,16000
8333,16000
8334,16000
8335,16000
8336,16000
8337,16000
8338,16000
8339,16000
8340,16000
8341,16000
8342,16000
8343,16000
8344,16000
8345,16000
8346,16000
8347,16000
8348,16000
8349,16000
8350,18000
8351,18000
8352,18000
8353,18000
8354,18000
8355,18000
8356,18000
8357,18000
8358,18000
8359,18000
8360,18000
8361,18000
8362,18000
8363,18000
8364,18000
8365,18000
8366,18000
8367,18000
8368,18000
8369,18000
8370,18000
8371,18000
8372,18000
8373,18000
8374,18000
8375,18000
8376,18000
8377,18000
8378,18000
8379,18000
8380,18000
8381,18000
8382,18000
8383,18000
8384,18000
8385,18000
8386,18000
8387,18000
8388,18000
8389,18000
8390,18000
8391,18000
8392,18000
8393,18000
8394,18000
8395,18000
8396,18000
8397,18000
8398,18000
8399,18000
8400,18000
8401,18000
8402,18000
8403,18000
8404,18000
8405,18000
8406,18000
8407,18000
8408,18000
8409,18000
8410,18000
8411,18000
8412,18000
8413,18000
8414,18000
8415,18000
8416,18000
8417,18000
8418,18000
8419,18000
8420,18000
8421,18000
8422,18000
8423,18000
8424,18000
8425,18000
8426,18000
8427,18000
8428,18000
8429,18000
8430,18000
8431,18000
8432,18000
8433,18000
8434,18000
8435,18000
8436,18000
8437,18000
8438,18000
8439,18000
8440,18000
8441,18000
8442,18000
8443,18000
8444,18000
8445,18000
8446,18000
8447,18000
8448,18000
8449,18000
8450,18000
8451,18000
8452,18000
8453,18000
8454,18000
8455,18000
8456,18000
8457,18000
8458,18000
8459,18000
8460,18000
8461,18000
8462,18000
8463,18000
8464,18000
8465,18000
8466,18000
8467,18000
8468,18000
8469,18000
8470,18000
8471,18000
8472,18000
8473,18000
8474,18000
8475,18000
8476,18000
8477,18000
8478,18000
8479,18000
8480,18000
8481,18000
8482,18000
8483,18000
8484,18000
8485,18000
8486,18000
8487,18000
8488,18000
8489,18000
8490,18000
8491,18000
8492,18000
8493,18000
8494,18000
8495,18000
8496,18000
8497,18000
8498,18000
8499,18000
8500,18000
8501,18000
8502,18000
8503,18000
8504,18000
8505,18000
8506,18000
8507,18000
8508,18000
8509,18000
8510,18000
8511,18000
8512,18000
8513,18000
8514,18000
8515,18000
8516,18000
8517,18000
8518,18000
8519,18000
8520,18000
8521,18000
8522,18000
8523,18000
8524,18000
8525,18000
8526,18000
8527,18000
8528,18000
8529,18000
8530,18000
8531,18000
8532,18000
8533,18000
8534,18000
8535,18000
8536,18000
8537,18000
8538,18000
8539,18000
8540,18000
8541,18000
8542,18000
8543,18000
8544,18000
8545,18000
8546,18000
8547,18000
8548,18000
8549,18000
8550,18000
8551,18000
8552,18000
8553,18000
8554,18000
8555,18000
8556,18000
8557,18000
8558,18000
8559,18000
8560,18000
8561,18000
8562,18000
8563,18000
8564,18000
8565,18000
8566,18000
8567,18000
8568,18000
8569,18000
8570,18000
8571,18000
8572,18000
8573,18000
8574,18000
8575,18000
8576,18000
8577,18000
8578,18000
8579,18000
8580,18000
8581,18000
8582,18000
8583,18000
8584,18000
8585,18000
8586,18000
8587,18000
8588,18000
8589,18000
8590,18000
8591,18000
8592,18000
8593,18000
8594,18000
8595,18000
8596,18000
8597,18000
8598,18000
8599,18000
8600,18000
8601,18000
8602,18000
8603,18000
8604,18000
8605,18000
8606,18000
8607,18000
8608,18000
8609,18000
8610,18000
8611,18000
8612,18000
8613,18000
8614,18000
8615,18000
8616,18000
8617,18000
8618,18000
8619,18000
8620,18000
8621,18000
8622,18000
8623,18000
8624,18000
8625,18000
8626,18000
8627,18000
8628,18000
8629,18000
8630,18000
8631,18000
8632,18000
8633,18000
8634,18000
8635,18000
8636,18000
8637,18000
8638,18000
8639,18000
8640,18000
8641,18000
8642,18000
8643,18000
8644,18000
8645,18000
8646,18000
8647,18000
8648,18000
8649,18000
8650,18000
8651,18000
8652,18000
8653,18000
8654,18000
8655,18000
8656,18000
8657,18000
8658,18000
8659,18000
8660,18000
8661,18000
8662,18000
8663,18000
8664,18000
8665,18000
8666,18000
8667,18000
8668,18000
8669,18000
8670,18000
8671,18000
8672,18000
8673,18000
8674,18000
8675,18000
8676,18000
8677,18000
8678,18000
8679,18000
8680,18000
8681,18000
8682,18000
8683,18000
8684,18000
8685,18000
8686,18000
8687,18000
8688,18000
8689,18000
8690,18000
8691,18000
8692,18000
8693,18000
8694,18000
8695,18000
8696,18000
8697,18000
8698,18000
8699,18000
8700,18000
8701,18000
8702,18000
8703,18000
8704,18000
8705,18000
8706,18000
8707,18000
8708,18000
8709,18000
8710,18000
8711,18000
8712,18000
8713,18000
8714,18000
8715,18000
8716,18000
8717,18000
8718,18000
8719,18000
8720,18000
8721,18000
8722,18000
8723,18000
8724,18000
8725,18000
8726,18000
8727,18000
8728,18000
8729,18000
8730,18000
8731,18000
8732,18000
8733,18000
8734,18000
8735,18000
8736,18000
8737,18000
8738,18000
8739,18000
8740,18000
8741,18000
8742,18000
8743,18000
8744,18000
8745,18000
8746,18000
8747,18000
8748,18000
8749,18000
8750,18000
8751,18000
8752,18000
8753,18000
8754,18000
8755,18000
8756,18000
8757,18000
8758,18000
8759,18000
8760,18000
8761,18000
8762,18000
8763,18000
8764,18000
8765,18000
8766,18000
8767,18000
8768,18000
8769,18000
8770,18000
8771,18000
8772,18000
8773,18000
8774,18000
8775,18000
8776,18000
8777,18000
8778,18000
8779,18000
8780,18000
8781,18000
8782,18000
8783,18000
8784,18000
8785,18000
8786,18000
8787,18000
8788,18000
8789,18000
8790,18000
8791,18000
8792,18000
8793,18000
8794,18000
8795,18000
8796,18000
8797,18000
8798,18000
8799,18000
8800,18000
8801,18000
8802,18000
8803,18000
8804,18000
8805,18000
8806,18000
8807,18000
8808,18000
8809,18000
8810,18000
8811,18000
8812,18000
8813,18000
8814,18000
8815,18000
8816,18000
8817,18000
8818,18000
8819,18000
8820,18000
8821,18000
8822,18000
8823,18000
8824,18000
8825,18000
8826,18000
8827,18000
8828,18000
8829,18000
8830,18000
8831,18000
8832,18000
8833,18000
8834,18000
8835,18000
8836,18000
8837,18000
8838,18000
8839,18000
8840,18000
8841,18000
8842,18000
8843,18000
8844,18000
8845,18000
8846,18000
8847,18000
8848,18000
8849,18000
8850,18000
8851,18000
8852,18000
8853,18000
8854,18000
8855,18000
8856,18000
8857,18000
8858,18000
8859,18000
8860,18000
8861,18000
8862,18000
8863,18000
8864,18000
8865,18000
8866,18000
8867,18000
8868,18000
8869,18000
8870,18000
8871,18000
8872,18000
8873,18000
8874,18000
8875,18000
8876,18000
8877,18000
8878,18000
8879,18000
8880,18000
8881,18000
8882,18000
8883,18000
8884,18000
8885,18000
8886,18000
8887,18000
8888,18000
8889,18000
8890,18000
8891,18000
8892,18000
8893,18000
8894,18000
8895,18000
8896,18000
8897,18000
8898,18000
8899,18000
8900,18000
8901,18000
8902,18000
8903,18000
8904,18000
8905,18000
8906,18000
8907,18000
8908,18000
8909,18000
8910,18000
8911,18000
8912,18000
8913,18000
8914,18000
8915,18000
8916,18000
8917,18000
8918,18000
8919,18000
8920,18000
8921,18000
8922,18000
8923,18000
8924,18000
8925,18000
8926,18000
8927,18000
8928,18000
8929,18000
8930,18000
8931,18000
8932,18000
8933,18000
8934,18000
8935,18000
8936,18000
8937,18000
8938,18000
8939,18000
8940,18000
8941,18000
8942,18000
8943,18000
8944,18000
8945,18000
8946,18000
8947,18000
8948,18000
8949,18000
8950,18000
8951,18000
8952,18000
8953,18000
8954,18000
8955,18000
8956,18000
8957,18000
8958,18000
8959,18000
8960,18000
8961,18000
8962,18000
8963,18000
8964,18000
8965,18000
8966,18000
8967,18000
8968,18000
8969,18000
8970,18000
8971,18000
8972,18000
8973,18000
8974,18000
8975,18000
8976,18000
8977,18000
8978,18000
8979,18000
8980,18000
8981,18000
8982,18000
8983,18000
8984,18000
8985,18000
8986,18000
8987,18000
8988,18000
8989,18000
8990,18000
8991,18000
8992,18000
8993,18000
8994,18000
8995,18000
8996,18000
8997,18000
8998,18000
8999,18000
9000,18000
9001,18000
9002,18000
9003,18000
9004,18000
9005,18000
9006,18000
9007,18000
9008,18000
9009,18000
9010,18000
9011,18000
9012,18000
9013,18000
9014,18000
9015,18000
9016,18000
9017,18000
9018,18000
9019,18000
9020,18000
9021,18000
9022,18000
9023,18000
9024,18000
9025,18000
9026,18000
9027,18000
9028,18000
9029,18000
9030,18000
9031,18000
9032,18000
9033,18000
9034,18000
9035,18000
9036,18000
9037,18000
9038,18000
9039,18000
9040,18000
9041,18000
9042,18000
9043,18000
9044,18000
9045,18000
9046,18000
9047,18000
9048,18000
9049,18000
9050,18000
9051,18000
9052,18000
9053,18000
9054,18000
9055,18000
9056,18000
9057,18000
9058,18000
9059,18000
9060,18000
9061,18000
9062,18000
9063,18000
9064,18000
9065,18000
9066,18000
9067,18000
9068,18000
9069,18000
9070,18000
9071,18000
9072,18000
9073,18000
9074,18000
9075,18000
9076,18000
9077,18000
9078,18000
9079,18000
9080,18000
9081,18000
9082,18000
9083,18000
9084,18000
9085,18000
9086,18000
9087,18000
9088,18000
9089,18000
9090,18000
9091,18000
9092,18000
9093,18000
9094,18000
9095,18000
9096,18000
9097,18000
9098,18000
9099,18000
9100,18000
9101,18000
9102,18000
9103,18000
9104,18000
9105,18000
9106,18000
9107,18000
9108,18000
9109,18000
9110,18000
9111,18000
9112,18000
9113,18000
9114,18000
9115,18000
9116,18000
9117,18000
9118,18000
9119,18000
9120,18000
9121,18000
9122,18000
9123,18000
9124,18000
9125,18000
9126,18000
9127,18000
9128,18000
9129,18000
9130,18000
9131,18000
9132,18000
9133,18000
9134,18000
9135,18000
9136,18000
9137,18000
9138,18000
9139,18000
9140,18000
9141,18000
9142,18000
9143,18000
9144,18000
9145,18000
9146,18000
9147,18000
9148,18000
9149,18000
9150,18000
9151,18000
9152,18000
9153,18000
9154,18000
9155,18000
9156,18000
9157,18000
9158,18000
9159,18000
9160,18000
9161,18000
9162,18000
9163,18000
9164,18000
9165,18000
9166,18000
9167,18000
9168,18000
9169,18000
9170,18000
9171,18000
9172,18000
9173,18000
9174,18000
9175,18000
9176,18000
9177,18000
9178,18000
9179,18000
9180,18000
9181,18000
9182,18000
9183,18000
9184,18000
9185,18000
9186,18000
9187,18000
9188,18000
9189,18000
9190,18000
9191,18000
9192,18000
9193,18000
9194,18000
9195,18000
9196,18000
9197,18000
9198,18000
9199,18000
9200,18000
9201,18000
9202,18000
9203,18000
9204,18000
9205,18000
9206,18000
9207,18000
9208,18000
9209,18000
9210,18000
9211,18000
9212,18000
9213,18000
9214,18000
9215,18000
9216,18000
9217,18000
9218,18000
9219,18000
9220,18000
9221,18000
9222,18000
9223,18000
9224,18000
9225,18000
9226,18000
9227,18000
9228,18000
9229,18000
9230,18000
9231,18000
9232,18000
9233,18000
9234,18000
9235,18000
9236,18000
9237,18000
9238,18000
9239,18000
9240,18000
9241,18000
9242,18000
9243,18000
9244,18000
9245,18000
9246,18000
9247,18000
9248,18000
9249,18000
9250,18000
9251,18000
9252,18000
9253,18000
9254,18000
9255,18000
9256,18000
9257,18000
9258,18000
9259,18000
9260,18000
9261,18000
9262,18000
9263,18000
9264,18000
9265,18000
9266,18000
9267,18000
9268,18000
9269,18000
9270,18000
9271,18000
9272,18000
9273,18000
9274,18000
9275,18000
9276,18000
9277,18000
9278,18000
9279,18000
9280,18000
9281,18000
9282,18000
9283,18000
9284,18000
9285,18000
9286,18000
9287,18000
9288,18000
9289,18000
9290,18000
9291,18000
9292,18000
9293,18000
9294,18000
9295,18000
9296,18000
9297,18000
9298,18000
9299,18000
9300,18000
9301,18000
9302,18000
9303,18000
9304,18000
9305,18000
9306,18000
9307,18000
9308,18000
9309,18000
9310,18000
9311,18000
9312,18000
9313,18000
9314,18000
9315,18000
9316,18000
9317,18000
9318,18000
9319,18000
9320,18000
9321,18000
9322,18000
9323,18000
9324,18000
9325,18000
9326,18000
9327,18000
9328,18000
9329,18000
9330,18000
9331,18000
9332,18000
9333,18000
9334,18000
9335,18000
9336,18000
9337,18000
9338,18000
9339,18000
9340,18000
9341,18000
9342,18000
9343,18000
9344,18000
9345,18000
9346,18000
9347,18000
9348,18000
9349,18000
9350,18000
9351,18000
9352,18000
9353,18000
9354,18000
9355,18000
9356,18000
9357,18000
9358,18000
9359,18000
9360,18000
9361,18000
9362,18000
9363,18000
9364,18000
9365,18000
9366,18000
9367,18000
9368,18000
9369,18000
9370,18000
9371,18000
9372,18000
9373,18000
9374,18000
9375,18000
9376,18000
9377,18000
9378,18000
9379,18000
9380,18000
9381,18000
9382,18000
9383,18000
9384,18000
9385,18000
9386,18000
9387,18000
9388,18000
9389,18000
9390,18000
9391,18000
9392,18000
9393,18000
9394,18000
9395,18000
9396,18000
9397,18000
9398,18000
9399,18000
9400,18000
9401,18000
9402,18000
9403,18000
9404,18000
9405,18000
9406,18000
9407,18000
9408,18000
9409,18000
9410,18000
9411,18000
9412,18000
9413,18000
9414,18000
9415,18000
9416,18000
9417,18000
9418,18000
9419,18000
9420,18000
9421,18000
9422,18000
9423,18000
9424,18000
9425,18000
9426,18000
9427,18000
9428,18000
9429,18000
9430,18000
9431,18000
9432,18000
9433,18000
9434,18000
9435,18000
9436,18000
9437,18000
9438,18000
9439,18000
9440,18000
9441,18000
9442,18000
9443,18000
9444,18000
9445,18000
9446,18000
9447,18000
9448,18000
9449,18000
9450,18000
9451,18000
9452,18000
9453,18000
9454,18000
9455,18000
9456,18000
9457,18000
9458,18000
9459,18000
9460,18000
9461,18000
9462,18000
9463,18000
9464,18000
9465,18000
9466,18000
9467,18000
9468,18000
9469,18000
9470,18000
9471,18000
9472,18000
9473,18000
9474,18000
9475,18000
9476,18000
9477,18000
9478,18000
9479,18000
9480,18000
9481,18000
9482,18000
9483,18000
9484,18000
9485,18000
9486,18000
9487,18000
9488,18000
9489,18000
9490,18000
9491,18000
9492,18000
9493,18000
9494,18000
9495,18000
9496,18000
9497,18000
9498,18000
9499,18000
9500,18000
9501,18000
9502,18000
9503,18000
9504,18000
9505,18000
9506,18000
9507,18000
9508,18000
9509,18000
9510,18000
9511,18000
9512,18000
9513,18000
9514,18000
9515,18000
9516,18000
9517,18000
9518,18000
9519,18000
9520,18000
9521,18000
9522,18000
9523,18000
9524,18000
9525,18000
9526,18000
9527,18000
9528,18000
9529,18000
9530,18000
9531,18000
9532,18000
9533,18000
9534,18000
9535,18000
9536,18000
9537,18000
9538,18000
9539,18000
9540,18000
9541,18000
9542,18000
9543,18000
9544,18000
9545,18000
9546,18000
9547,18000
9548,18000
9549,18000
9550,18000
9551,18000
9552,18000
9553,18000
9554,18000
9555,18000
9556,18000
9557,18000
9558,18000
9559,18000
9560,18000
9561,18000
9562,18000
9563,18000
9564,18000
9565,18000
9566,18000
9567,18000
9568,18000
9569,18000
9570,18000
9571,18000
9572,18000
9573,18000
9574,18000
9575,18000
9576,18000
9577,18000
9578,18000
9579,18000
9580,18000
9581,18000
9582,18000
9583,18000
9584,18000
9585,18000
9586,18000
9587,18000
9588,18000
9589,18000
9590,18000
9591,18000
9592,18000
9593,18000
9594,18000
9595,18000
9596,18000
9597,18000
9598,18000
9599,18000
9600,18000
9601,18000
9602,18000
9603,18000
9604,18000
9605,18000
9606,18000
9607,18000
9608,18000
9609,18000
9610,18000
9611,18000
9612,18000
9613,18000
9614,18000
9615,18000
9616,18000
9617,18000
9618,18000
9619,18000
9620,18000
9621,18000
9622,18000
9623,18000
9624,18000
9625,18000
9626,18000
9627,18000
9628,18000
9629,18000
9630,18000
9631,18000
9632,18000
9633,18000
9634,18000
9635,18000
9636,18000
9637,18000
9638,18000
9639,18000
9640,18000
9641,18000
9642,18000
9643,18000
9644,18000
9645,18000
9646,18000
9647,18000
9648,18000
9649,18000
9650,18000
9651,18000
9652,18000
9653,18000
9654,18000
9655,18000
9656,18000
9657,18000
9658,18000
9659,18000
9660,18000
9661,18000
9662,18000
9663,18000
9664,18000
9665,18000
9666,18000
9667,18000
9668,18000
9669,18000
9670,18000
9671,18000
9672,18000
9673,18000
9674,18000
9675,18000
9676,18000
9677,18000
9678,18000
9679,18000
9680,18000
9681,18000
9682,18000
9683,18000
9684,18000
9685,18000
9686,18000
9687,18000
9688,18000
9689,18000
9690,18000
9691,18000
9692,18000
9693,18000
9694,18000
9695,18000
9696,18000
9697,18000
9698,18000
9699,18000
9700,18000
9701,18000
9702,18000
9703,18000
9704,18000
9705,18000
9706,18000
9707,18000
9708,18000
9709,18000
9710,18000
9711,18000
9712,18000
9713,18000
9714,18000
9715,18000
9716,18000
9717,18000
9718,18000
9719,18000
9720,18000
9721,18000
9722,18000
9723,18000
9724,18000
9725,18000
9726,18000
9727,18000
9728,18000
9729,18000
9730,18000
9731,18000
9732,18000
9733,18000
9734,18000
9735,18000
9736,18000
9737,18000
9738,18000
9739,18000
9740,18000
9741,18000
9742,18000
9743,18000
9744,18000
9745,18000
9746,18000
9747,18000
9748,18000
9749,18000
9750,18000
9751,18000
9752,18000
9753,18000
9754,18000
9755,18000
9756,18000
9757,18000
9758,18000
9759,18000
9760,18000
9761,18000
9762,18000
9763,18000
9764,18000
9765,18000
9766,18000
9767,18000
9768,18000
9769,18000
9770,18000
9771,18000
9772,18000
9773,18000
9774,18000
9775,18000
9776,18000
9777,18000
9778,18000
9779,18000
9780,18000
9781,18000
9782,18000
9783,18000
9784,18000
9785,18000
9786,18000
9787,18000
9788,18000
9789,18000
9790,18000
9791,18000
9792,18000
9793,18000
9794,18000
9795,18000
9796,18000
9797,18000
9798,18000
9799,18000
9800,18000
9801,18000
9802,18000
9803,18000
9804,18000
9805,18000
9806,18000
9807,18000
9808,18000
9809,18000
9810,18000
9811,18000
9812,18000
9813,18000
9814,18000
9815,18000
9816,18000
9817,18000
9818,18000
9819,18000
9820,18000
9821,18000
9822,18000
9823,18000
9824,18000
9825,18000
9826,18000
9827,18000
9828,18000
9829,18000
9830,18000
9831,18000
9832,18000
9833,18000
9834,18000
9835,18000
9836,18000
9837,18000
9838,18000
9839,18000
9840,18000
9841,18000
9842,18000
9843,18000
9844,18000
9845,18000
9846,18000
9847,18000
9848,18000
9849,18000
9850,18000
9851,18000
9852,18000
9853,18000
9854,18000
9855,18000
9856,18000
9857,18000
9858,18000
9859,18000
9860,18000
9861,18000
9862,18000
9863,18000
9864,18000
9865,18000
9866,18000
9867,18000
9868,18000
9869,18000
9870,18000
9871,18000
9872,18000
9873,18000
9874,18000
9875,18000
9876,18000
9877,18000
9878,18000
9879,18000
9880,18000
9881,18000
9882,18000
9883,18000
9884,18000
9885,18000
9886,18000
9887,18000
9888,18000
9889,18000
9890,18000
9891,18000
9892,18000
9893,18000
9894,18000
9895,18000
9896,18000
9897,18000
9898,18000
9899,18000
9900,18000
9901,18000
9902,18000
9903,18000
9904,18000
9905,18000
9906,18000
9907,18000
9908,18000
9909,18000
9910,18000
9911,18000
9912,18000
9913,18000
9914,18000
9915,18000
9916,18000
9917,18000
9918,18000
9919,18000
9920,18000
9921,18000
9922,18000
9923,18000
9924,18000
9925,18000
9926,18000
9927,18000
9928,18000
9929,18000
9930,18000
9931,18000
9932,18000
9933,18000
9934,18000
9935,18000
9936,18000
9937,18000
9938,18000
9939,18000
9940,18000
9941,18000
9942,18000
9943,18000
9944,18000
9945,18000
9946,18000
9947,18000
9948,18000
9949,18000
9950,18000
9951,18000
9952,18000
9953,18000
9954,18000
9955,18000
9956,18000
9957,18000
9958,18000
9959,18000
9960,18000
9961,18000
9962,18000
9963,18000
9964,18000
9965,18000
9966,18000
9967,18000
9968,18000
9969,18000
9970,18000
9971,18000
9972,18000
9973,18000
9974,18000
9975,18000
9976,18000
9977,18000
9978,18000
9979,18000
9980,18000
9981,18000
9982,18000
9983,18000
9984,18000
9985,18000
9986,18000
9987,18000
9988,18000
9989,18000
9990,18000
9991,18000
9992,18000
9993,18000
9994,18000
9995,18000
9996,18000
9997,18000
9998,18000
9999,18000
10000,18000
